{"0": -0.037375610570112766, "1": 0.44554073956885165, "2": 0.4579059462994337}