{"0": 0.30386902652680875, "1": 0.44525214976165445, "2": 0.02787378800444697}